timestamp_1hz,anger_idx,arousal,comtempt_idx,disgust_idx,fear_idx,happy_idx,neutral_idx,sad_idx,surprise_idx,timestamp,valence,emotion
0,0.0,0.0,0.0,0.0,0.0,0.0,0.0,0.0,0.0,0.0,0.0,Fear
1,0.0,0.0,0.0,0.0,0.0,0.0,0.0,0.0,0.0,0.0,0.0,Fear
2,0.0,0.0,0.0,0.0,0.0,0.0,0.0,0.0,0.0,0.0,0.0,Fear
3,0.0,0.0,0.0,0.0,0.0,0.0,0.0,0.0,0.0,0.0,0.0,Fear
4,0.0,0.0,0.0,0.0,0.0,0.0,0.0,0.0,0.0,0.0,0.0,Fear
5,0.0,0.0,0.0,0.0,0.0,0.0,0.0,0.0,0.0,0.0,0.0,Fear
6,0.056610662,0.062979996,0.020789454,0.016577547,0.4068874,0.034357067,0.25142652,0.09705292,0.11629838,6.625,0.050334707,Fear
7,0.07745778,0.032179214,0.0076723853,0.02171743,0.32668406,0.010822973,0.19955216,0.24882877,0.10726447,7.555921052631579,-0.24758582,Fear
8,0.05817403,0.09079913,0.0024688588,0.008801744,0.36658347,0.0009460713,0.12004306,0.34456062,0.09842215,8.479166666666666,-0.35768768,Fear
9,0.06995921,0.11362762,0.0020290478,0.005369283,0.33385962,0.00074575,0.15256011,0.3125515,0.122925445,9.459239130434783,-0.34170184,Fear
10,0.10325562,-0.16321817,0.0074027567,0.000708794,0.032644734,0.0035889556,0.45361176,0.37150192,0.02728544,10.479166666666666,-0.37512636,Neutral
11,0.03397829,-0.22289675,0.0061589684,0.000852299,0.0430965,0.0039636022,0.3867272,0.49709746,0.028125675,11.479166666666666,-0.37191796,Sadness
12,0.34952825,0.08110948,0.0043917033,0.010106019,0.06129941,0.0022888812,0.19414957,0.3504199,0.027816245,12.539634146341463,-0.44119328,Sadness
13,0.42900565,0.14775537,0.0077212662,0.021074988,0.05208226,0.0029699819,0.12448538,0.3432065,0.019453967,13.479166666666666,-0.4555942,Anger
14,0.44564983,0.09738246,0.002159015,0.0013682094,0.025125235,0.0003407204,0.10125563,0.41446713,0.0096342405,14.479166666666666,-0.5103181,Anger
15,0.44110847,0.26596338,0.002316702,0.004707226,0.06705754,0.0007117409,0.09054262,0.3788201,0.014735572,15.479166666666666,-0.513732,Anger
16,0.50807685,0.59553677,0.0038796496,0.049661297,0.27567562,0.00055457273,0.05880862,0.07439578,0.028947614,16.479166666666668,-0.45465362,Anger
17,0.44561467,0.5757584,0.007044178,0.09712896,0.23873492,0.0019972872,0.09000707,0.07673571,0.042737227,17.479166666666668,-0.40681812,Anger
18,0.31199107,0.555541,0.009535302,0.086332895,0.30123582,0.0024209686,0.09694051,0.11618229,0.075361125,18.479166666666668,-0.3565049,Anger
19,0.34620285,0.451467,0.018171268,0.046472136,0.22283965,0.003653282,0.11372327,0.20375921,0.045178365,19.479166666666668,-0.37449065,Anger
20,0.32360432,0.28529754,0.010161648,0.025641007,0.1871325,0.0022541313,0.088766046,0.3358849,0.026555464,20.479166666666668,-0.3974611,Anger
21,0.17281382,-0.0256358,0.004000258,0.014782636,0.09526617,0.00144157,0.09022197,0.6029743,0.01849929,21.479166666666668,-0.48168954,Sadness
22,0.100931235,-0.14921142,0.0014429895,0.016191337,0.061439186,0.00036410394,0.074987166,0.72282416,0.021819795,22.479166666666668,-0.5519318,Sadness
23,0.072931066,-0.089995146,0.016531926,0.016106661,0.08590358,0.014202836,0.1576366,0.5876418,0.049045533,23.479166666666668,-0.37658337,Sadness
24,0.03003659,-0.055920683,0.033168525,0.014710918,0.13409919,0.026840553,0.17061254,0.51446223,0.076069474,24.39404761904762,-0.32600307,Sadness
25,0.013952151,-0.16859098,0.000423657,0.0005676379,0.10256713,0.0016974891,0.19249241,0.64729494,0.04100464,25.479166666666668,-0.46185732,Sadness
26,0.40291354,0.100606345,0.0004730662,0.0011960146,0.09089724,0.00031916608,0.08384809,0.40906954,0.011283353,26.479166666666668,-0.63569427,Anger
27,0.5181652,0.19606633,0.0014642101,0.0013667376,0.072147824,0.000491294,0.16149937,0.23306763,0.011797815,27.479166666666668,-0.5801264,Anger
28,0.36624897,0.11559948,0.02088586,0.007990634,0.087044924,0.019064432,0.30404416,0.14414714,0.050573893,28.47701149425287,-0.3148399,Anger
29,0.1694891,-0.07928098,0.0032313329,0.006252141,0.10623405,0.0054887254,0.37952176,0.28519887,0.044584017,29.479166666666668,-0.3778341,Neutral
30,0.07542211,0.07092383,0.046468526,0.022719884,0.23838075,0.058981936,0.29866847,0.11903878,0.14031954,30.479166666666668,0.037330523,Fear
31,0.066545285,0.1492909,0.07749591,0.031007253,0.22724544,0.1128164,0.2546275,0.06693652,0.16332571,31.479166666666668,0.16134277,Neutral
32,0.22587292,-0.15493733,0.004838155,0.0038728046,0.027334997,0.009626296,0.39863527,0.30938542,0.020434137,32.479166666666664,-0.38953066,Neutral
33,0.06616825,-0.21829699,0.006725701,0.02848447,0.02036915,0.002235137,0.07568339,0.79782265,0.002511224,33.479166666666664,-0.5138833,Sadness
34,0.08105076,0.0075071156,0.008922885,0.3092278,0.09503057,0.0038984453,0.046999454,0.4434838,0.011386298,34.479166666666664,-0.47802937,Sadness
35,0.10059676,-0.0829961,0.0074061644,0.1637225,0.034494404,0.0053789574,0.0719349,0.6107232,0.0057431213,35.479166666666664,-0.50415754,Sadness
36,0.10038962,-0.15779328,0.005598225,0.2181708,0.02629844,0.0066758166,0.2730614,0.36141852,0.008387157,36.479166666666664,-0.3989892,Disgust
37,0.09021926,-0.27931502,0.0019735424,0.0010555345,0.032641355,0.0014253795,0.3079045,0.5584549,0.0063255387,37.479166666666664,-0.46149638,Sadness
38,0.08261768,-0.2781658,0.009473265,0.0015009373,0.030039838,0.0067057945,0.3864982,0.4701587,0.013005591,38.479166666666664,-0.45895508,Sadness
39,0.19578397,-0.092145175,0.06625681,0.008929933,0.009987142,0.016846176,0.26395628,0.4333626,0.0048770485,39.479166666666664,-0.36166558,Sadness
40,0.1956287,-0.038987506,0.045819957,0.0034100544,0.004215916,0.00856397,0.33280137,0.40821958,0.0013404591,40.479166666666664,-0.34494212,Sadness
41,0.17046462,-0.030435553,0.10028547,0.0051859086,0.010402463,0.031373028,0.3359001,0.34432924,0.002059161,41.479166666666664,-0.22671121,Neutral
42,0.17829986,-0.042060833,0.10201011,0.010647327,0.0074307695,0.030232625,0.20102,0.46895388,0.0014053904,42.479166666666664,-0.26927656,Sadness
43,0.19090259,-0.07547547,0.014724337,0.07914562,0.015748562,0.0052612596,0.15098442,0.53722984,0.006003333,43.479166666666664,-0.44126812,Sadness
44,0.13902865,-0.20555407,0.033198435,0.01112607,0.009778312,0.030614242,0.39376688,0.37031737,0.012169983,44.479166666666664,-0.2965313,Neutral
45,0.084639154,-0.3036242,0.01610952,0.0028678945,0.008487648,0.030010896,0.48115563,0.36321998,0.013509269,45.479166666666664,-0.29232243,Neutral
46,0.038227852,-0.38766658,0.0036131318,0.0007419013,0.015804278,0.0053474456,0.2811239,0.64610785,0.009033679,46.479166666666664,-0.4667429,Sadness
47,0.12237928,-0.21860701,0.0049283807,0.010148128,0.0211293,0.0028036432,0.2349491,0.5954681,0.008194026,47.479166666666664,-0.55634135,Sadness
48,0.139999,0.00071354164,0.0015163879,0.110547096,0.026342804,0.0007585398,0.019088443,0.69884896,0.002898774,48.479166666666664,-0.71807414,Sadness
49,0.057785247,-0.27229148,0.0014756994,0.012365607,0.045059334,0.0016828924,0.07709627,0.78958637,0.014948566,49.479166666666664,-0.58857125,Sadness
50,0.009993927,-0.36607504,0.00056424475,0.0011129457,0.05664899,0.0010275868,0.15999222,0.72670275,0.043957356,50.479166666666664,-0.48953438,Sadness
51,0.006724966,-0.46225014,0.00069286587,0.00034349566,0.092313595,0.00019330032,0.09710152,0.7528642,0.04976602,51.479166666666664,-0.60469514,Sadness
52,0.0060835206,-0.51844424,0.0012004015,0.00041570351,0.07963005,0.00022909239,0.091086745,0.77870274,0.04265176,52.479166666666664,-0.5905145,Sadness
53,0.00793764,-0.42836806,0.0004457082,0.00032948886,0.11808714,0.000117241376,0.079879485,0.7541015,0.039101806,53.479166666666664,-0.6082149,Sadness
54,0.053993907,-0.09953233,0.006429287,0.008833368,0.1768947,0.010466386,0.40087494,0.28729248,0.055214927,54.416666666666664,-0.33353847,Neutral
55,0.045924272,0.10150143,0.020249866,0.018062629,0.4537995,0.028041309,0.18749106,0.13413845,0.11229293,55.625,-0.014806246,Fear
56,0.05964917,0.04998936,0.009489237,0.015706118,0.3121682,0.015465119,0.3104345,0.18114829,0.09593939,56.479166666666664,-0.20437951,Fear
57,0.15160044,0.007425859,0.0010515642,0.005084481,0.16944718,0.0014917626,0.35539398,0.26329502,0.0526356,57.479166666666664,-0.35700628,Neutral
58,0.055407327,-0.17291991,0.0005343614,0.018089972,0.08056054,0.00071599864,0.12778501,0.6911064,0.025800392,58.479166666666664,-0.64075094,Sadness
59,0.017474653,-0.31915358,0.00019590296,0.023920007,0.014469333,0.0002363794,0.010014601,0.9330862,0.0006029057,59.479166666666664,-0.80591875,Sadness
60,0.19603151,0.050470322,0.00050729467,0.087755926,0.06393472,8.584973e-05,0.007388562,0.6435537,0.00074244937,60.479166666666664,-0.8106199,Sadness
61,0.081222706,-0.109374754,0.00025229945,0.03511229,0.06356042,0.00014467181,0.0102280695,0.80836254,0.0011169394,61.479166666666664,-0.8077138,Sadness
62,0.04894438,-0.06712475,0.00011507777,0.010202167,0.1859153,0.0001069275,0.016435778,0.7343258,0.0039545484,62.479166666666664,-0.6821742,Sadness
63,0.0141226305,-0.123658285,0.0028645834,0.0062491493,0.33945256,0.0030674424,0.051146064,0.5178199,0.06527768,63.36805555555556,-0.48935202,Sadness
64,0.054732148,0.34457356,0.0017594842,0.005513099,0.591101,0.0008726041,0.057158988,0.17226216,0.11660053,64.54166666666667,-0.33786714,Fear
65,0.18341519,0.40058526,0.004251118,0.0012210429,0.36416253,0.00085530995,0.10364288,0.14413302,0.1983189,65.47916666666667,-0.31037223,Fear
66,0.016733127,0.260953,0.0013365456,0.000183068,0.5650731,0.00050032994,0.0526766,0.14620237,0.21729487,66.47916666666667,-0.3371974,Fear
67,0.024302362,-0.06916883,0.0016481188,0.002482721,0.27269742,0.0017802222,0.15099926,0.45247313,0.09361678,67.47916666666667,-0.501507,Sadness
68,0.06181937,-0.14981686,0.0005916328,0.057048168,0.034307893,0.00014256417,0.0064673307,0.83934975,0.00027329804,68.47916666666667,-0.8726602,Sadness
69,0.011143386,-0.24894345,0.0002823692,0.016737128,0.05310005,0.00015547808,0.0017343935,0.91665053,0.00019667798,69.47916666666667,-0.92117697,Sadness
70,0.006561771,-0.3386955,0.00033772519,0.0066701346,0.008646991,0.00023123337,0.0016697785,0.9758243,5.8107606e-05,70.47916666666667,-0.9446066,Sadness
71,0.0092841135,-0.26327524,0.00015703874,0.008746658,0.007885534,0.002084105,0.0071025304,0.96441054,0.00032949564,71.47916666666667,-0.8154153,Sadness
72,0.00865611,-0.149471,0.00051274645,0.005165413,0.022765165,0.19460718,0.056172226,0.7050502,0.0070709833,72.47916666666667,-0.31058088,Sadness
73,0.022652404,0.06048131,0.00057330745,0.009454574,0.2568696,0.035009436,0.08032646,0.5069198,0.08819439,73.47916666666667,-0.37502,Sadness
74,0.009127328,-0.19867201,0.002759333,0.0001346138,0.2238967,0.0009338699,0.14436072,0.55029505,0.06849239,74.47916666666667,-0.52267855,Sadness
75,0.016484188,-0.116164826,0.010127823,0.00027052587,0.23179032,0.0038836242,0.21712072,0.42469633,0.095626466,75.47916666666667,-0.43920264,Sadness
76,0.02160013,0.21838617,0.00034832256,0.0007509024,0.47722527,0.00030620786,0.066595286,0.23856866,0.19460523,76.47916666666667,-0.4193348,Fear
77,0.052719343,-0.07843601,0.00897459,0.00061533035,0.12544374,0.0019180449,0.33028105,0.33651018,0.14353769,77.47916666666667,-0.43689927,Neutral
78,0.04331823,-0.15102859,0.08099049,7.046261e-05,0.019243052,0.01518681,0.49960646,0.2944353,0.047149196,78.47916666666667,-0.3626028,Neutral
79,0.030186266,-0.1945595,0.004851719,0.00051986927,0.18142523,0.0007640048,0.21456957,0.4777888,0.08989451,79.47916666666667,-0.5306973,Sadness
80,0.058496896,-0.18818484,0.004321603,0.00091369194,0.08210269,0.0009945312,0.3159329,0.45829093,0.07894679,80.47916666666667,-0.52751476,Sadness
81,0.043341603,-0.16637695,0.0042122276,0.0010011325,0.18016267,0.0010440707,0.26318708,0.36339045,0.14366078,81.47916666666667,-0.4695549,Sadness
82,0.030042911,-0.038753938,0.0018889563,0.00076912274,0.31469455,0.0008360178,0.15372391,0.28305712,0.21498741,82.47916666666667,-0.43525672,Fear
83,0.025477303,-0.22815384,0.01266849,0.00083448103,0.13797408,0.010338597,0.1767308,0.5643277,0.071648516,83.47916666666667,-0.49403748,Sadness
84,0.038986146,-0.16036427,0.07554793,0.0014276196,0.033317953,0.10992537,0.43706036,0.25180998,0.05192465,84.47916666666667,-0.07788015,Neutral
85,0.0495322,-0.1393858,0.019712297,0.00074094,0.10850818,0.0068740877,0.32921484,0.41204885,0.07336862,85.47916666666667,-0.39611843,Sadness
86,0.092586696,0.06816142,0.0018191873,0.0024551037,0.24491514,0.0009977388,0.19991486,0.3219006,0.13541068,86.47916666666667,-0.4738425,Sadness
87,0.060341205,0.23381929,0.00075592945,0.0015175119,0.3818618,0.00043920273,0.131079,0.17965893,0.24434642,87.47916666666667,-0.41304174,Fear
88,0.07440771,0.16446014,0.0007796532,0.0030279013,0.3413504,0.00035713112,0.17248307,0.18523397,0.22236013,88.47916666666667,-0.38781917,Fear
89,0.066970944,0.2045642,0.000923093,0.0022276014,0.35306695,0.00045090515,0.1622038,0.15494914,0.25920755,89.47916666666667,-0.35135174,Fear
90,0.038115397,0.14629261,0.00076594733,0.0012686766,0.33695677,0.0003515707,0.1433918,0.17451906,0.30463073,90.47916666666667,-0.35514238,Fear
91,0.030652272,0.23169531,0.0005562846,0.0013300871,0.4539878,0.00034146744,0.11500538,0.11792666,0.28020003,91.47916666666667,-0.31237632,Fear
92,0.043147966,0.17846663,0.0011650376,0.0014040759,0.37485352,0.0006770228,0.16210374,0.14267518,0.27397344,92.47916666666667,-0.31594896,Fear
93,0.0404214,0.055165436,0.0015956032,0.0010533646,0.3510501,0.0006451402,0.19467093,0.22001445,0.19054902,93.47916666666667,-0.36103547,Fear
94,0.045603428,0.011826515,0.0015699099,0.0018189029,0.30588523,0.00074272597,0.21190245,0.275304,0.15717335,94.47916666666667,-0.42366007,Fear
95,0.07315917,-0.09826946,0.10791617,0.002469022,0.09338623,0.023011172,0.29894316,0.34007645,0.06103866,95.47916666666667,-0.3627372,Sadness
96,0.04472005,-0.07441262,0.028443737,0.004324674,0.21530068,0.0059715896,0.23075724,0.3769078,0.09357425,96.47916666666667,-0.4072944,Sadness
97,0.037572958,0.20280296,0.003788721,0.0010087633,0.49667117,0.0013384885,0.13152103,0.11512667,0.21297221,97.47916666666667,-0.31121325,Fear
98,0.032423463,-0.08859021,0.009227597,0.0008806335,0.19128108,0.0041863737,0.32815143,0.25039437,0.18345499,98.47916666666667,-0.32028988,Neutral
99,0.033450063,-0.120621145,0.01444398,0.00060481584,0.12507594,0.0072070244,0.4100792,0.22671467,0.1824243,99.47916666666667,-0.27570224,Neutral
100,0.032156106,-0.098341905,0.02024192,0.000722622,0.13035522,0.012495848,0.44649267,0.17637007,0.18116556,100.47916666666667,-0.21300246,Neutral
101,0.024115233,-0.07327295,0.020473963,0.0005671613,0.17136645,0.0122199245,0.39435533,0.15534316,0.22155876,101.47916666666667,-0.1859165,Neutral
102,0.021214614,-0.0915505,0.03723434,0.00052993145,0.1025154,0.027830044,0.45056972,0.12932388,0.23078205,102.47916666666667,-0.09224451,Neutral
103,0.019877871,-0.16523762,0.060638655,0.00054784195,0.04419151,0.06827442,0.52911264,0.1408083,0.13654877,103.47916666666667,-0.014517943,Neutral
104,0.009345392,-0.09976398,0.18454118,0.00060674583,0.0067163445,0.4114147,0.27734074,0.045320738,0.06471414,104.47916666666667,0.42072213,Neutral
105,0.00045161168,0.14231046,0.0455292,0.000114536226,0.0001320934,0.94567627,0.003497922,0.00036890758,0.004229502,105.47916666666667,0.85368174,Happiness
106,1.628186e-06,0.24439456,2.4413903e-05,6.3416263e-07,8.5028546e-07,0.9998298,6.6047e-07,1.2753067e-07,0.00014184117,106.47916666666667,0.9536546,Happiness
107,6.677913e-07,0.24419326,2.196429e-05,8.856762e-07,9.915049e-07,0.99988437,2.5877435e-07,4.5314286e-07,9.0364214e-05,107.47916666666667,0.9522712,Happiness
108,2.0063473e-05,0.23601091,5.6097826e-05,1.5230511e-05,2.279246e-05,0.99908614,9.997441e-06,4.4266767e-06,0.0007852244,108.47916666666667,0.97755736,Happiness
109,2.441265e-06,0.2872162,3.2683693e-05,3.7720959e-06,6.679657e-06,0.9998212,5.767173e-07,2.2620532e-06,0.0001304389,109.47916666666667,1.004862,Happiness
110,9.404107e-06,0.31900188,3.7098158e-05,5.633167e-06,2.0198719e-05,0.99960035,1.6358916e-06,2.9444661e-06,0.00032275624,110.47916666666667,0.983628,Happiness
111,2.416307e-05,0.32755327,3.3507175e-05,1.119922e-05,0.00010747346,0.99911314,2.5680094e-06,9.423287e-06,0.00069851003,111.47916666666667,0.963043,Happiness
112,0.010923813,0.10925575,0.122500695,0.0058391974,0.010825959,0.7535403,0.006335549,0.084085755,0.0059487387,112.47916666666667,0.6957114,Happiness
113,0.021644553,-0.092422515,0.10743738,0.008622822,0.06540562,0.13268934,0.009580341,0.6452332,0.009386654,113.47916666666667,0.0047801198,Sadness
114,0.016891206,-0.13479286,0.052790266,0.008220394,0.051902186,0.072049655,0.005387351,0.78879374,0.003965192,114.47916666666667,-0.16878112,Sadness
115,0.0052850093,-0.26888868,0.010858152,0.0016840394,0.043983188,0.0085041905,0.003244954,0.9251566,0.0012838993,115.47916666666667,-0.5469598,Sadness
116,0.0030816656,-0.18926243,0.0084756045,0.0033639064,0.14340553,0.011189103,0.0026857096,0.825892,0.0019065322,116.47916666666667,-0.55398965,Sadness
117,0.0011305219,-0.30548495,0.0006120153,0.0010670129,0.07801976,0.0005726638,0.0009824729,0.917149,0.00046653507,117.47916666666667,-0.8177708,Sadness
118,0.0014963178,-0.33261043,0.0012225386,0.0008114341,0.076543756,0.0006772985,0.0018237649,0.9168947,0.0005301757,118.47916666666667,-0.8271888,Sadness
119,0.0027191683,-0.43715444,0.0023769075,0.0006982919,0.020759527,0.0010074883,0.0032373527,0.9685847,0.00061656017,119.47916666666667,-0.82618827,Sadness
120,0.011006143,-0.32411543,0.009996629,0.0013733659,0.033683386,0.018131161,0.11747757,0.7974603,0.01087144,120.47916666666667,-0.48070946,Sadness
121,0.02107966,-0.38549724,0.0025306914,0.0013035653,0.014483689,0.014842752,0.079777665,0.8583804,0.007601624,121.47916666666667,-0.68754345,Sadness
122,0.1434505,0.036895864,0.006114659,0.04222409,0.06532204,0.078537755,0.45743522,0.12471172,0.08220401,122.59567901234567,-0.13750917,Neutral
123,0.10615953,0.0353271,0.010857609,0.12703787,0.04054346,0.21863255,0.38396174,0.06908883,0.043718442,123.47916666666667,-0.029949926,Neutral
124,0.08516339,0.0063984953,0.010382499,0.06298566,0.044242747,0.19672616,0.45734218,0.077552944,0.06560445,124.47241784037558,-0.027372269,Neutral
125,0.034994934,-0.053257227,0.018604826,0.027476845,0.043807488,0.34966537,0.09953498,0.40286672,0.023048831,125.47916666666667,-0.0850994,Happiness
126,0.002504232,-0.158206,0.0006046152,0.002668541,0.1165449,0.0016547818,0.0004323573,0.87532085,0.00026977004,126.47916666666667,-0.7666445,Sadness
127,0.0010726942,-0.345641,0.00039431822,0.00075996574,0.034739904,0.00034329089,0.00032738585,0.9622412,0.000121257,127.47916666666667,-0.90361357,Sadness
128,0.002942331,-0.3333584,0.0012061307,0.00096864183,0.019724896,0.00043485672,0.0011014906,0.97325844,0.00036320847,128.47916666666666,-0.8577786,Sadness
129,0.003506861,-0.36123535,0.00067567057,0.0008429564,0.02925005,0.00023556848,0.0013945092,0.96368414,0.00041022108,129.47916666666666,-0.8809522,Sadness
130,0.002876791,-0.36705327,0.0010713093,0.00078857224,0.023451524,0.000334011,0.0015590697,0.9694647,0.00045408297,130.47916666666666,-0.87780136,Sadness
131,0.0016793901,-0.38038072,0.0005817872,0.0006982419,0.021399075,0.00024659873,0.0009869458,0.9741523,0.0002556561,131.47916666666666,-0.905157,Sadness
132,0.00059838966,-0.34183946,0.00017026326,0.0007138775,0.028489746,0.00016595551,0.00026724095,0.96950626,8.823507e-05,132.35416666666666,-0.95374423,Sadness
133,0.0,0.0,0.0,0.0,0.0,0.0,0.0,0.0,0.0,0.0,0.0,Sadness
134,0.0,0.0,0.0,0.0,0.0,0.0,0.0,0.0,0.0,0.0,0.0,Sadness
135,0.045253273,0.0009082872,0.01649157,0.014659103,0.20263968,0.1596535,0.3391199,0.11276781,0.10941515,135.5108695652174,0.04572146,Neutral
136,0.3176205,0.21943833,0.056546386,0.030121176,0.059611823,0.035934214,0.3599778,0.06379531,0.076392785,136.47916666666666,-0.18020642,Anger
137,0.09516352,0.1380017,0.10106961,0.010673445,0.15138869,0.22986436,0.26895475,0.05565445,0.08723117,137.46354166666666,0.13754556,Neutral
138,0.027199237,0.1700191,0.03627972,0.010092811,0.15942404,0.54579896,0.096127145,0.037224602,0.08785346,138.49796747967477,0.45159796,Happiness
139,0.035347227,0.20497663,0.01782623,0.021332318,0.11257092,0.5419129,0.12759092,0.04042538,0.1029941,139.4125,0.42127433,Happiness
140,0.063992254,0.15144593,0.032586053,0.04371999,0.04691124,0.41150436,0.29711184,0.030076088,0.07409818,140.50462962962962,0.25453332,Happiness
141,0.03800802,0.13563663,0.021580605,0.034873422,0.2131986,0.27623034,0.22527468,0.065440245,0.12539408,141.3359375,0.22039314,Fear
142,0.07324217,0.08245387,0.01749575,0.019865539,0.18660155,0.0502115,0.40747175,0.09178009,0.15333167,142.52935606060603,-0.029509954,Neutral
143,0.08626685,-0.039334133,0.09533784,0.0071163,0.07740242,0.17438388,0.29659307,0.1864683,0.07643133,143.41927083333331,0.037491072,Neutral
144,0.010555058,-0.10283014,0.28074512,0.0016052007,0.0030227613,0.58637744,0.06685416,0.0388401,0.012000159,144.47916666666666,0.5465165,Happiness
145,0.00603611,-0.099852376,0.28215376,0.0006546841,0.0005981161,0.6353887,0.0564893,0.014709604,0.0039697965,145.47916666666666,0.6319141,Happiness
146,0.024370333,-0.12822704,0.23651241,0.0021113537,0.0035446854,0.4912223,0.16166788,0.07132085,0.00925018,146.47916666666666,0.4435178,Happiness
147,0.04088479,-0.18287031,0.13841893,0.0028342893,0.012976096,0.22963227,0.31478742,0.23533744,0.025128743,147.47916666666666,0.15369615,Neutral
148,0.06757802,-0.12539671,0.18672036,0.0020171243,0.006763445,0.14896707,0.38480112,0.1867652,0.016387701,148.47916666666666,0.048917636,Neutral
149,0.118185766,0.13113458,0.27858928,0.0026905758,0.0026506686,0.25902706,0.2997438,0.023062518,0.016050328,149.47916666666666,0.1841185,Neutral
150,0.025980143,0.07395197,0.19330347,0.008510871,0.0008038532,0.7061532,0.052963812,0.002130219,0.01015441,150.47916666666666,0.5940236,Happiness
151,0.03714201,0.07833989,0.008904318,0.011131674,0.004368448,0.7694135,0.12498348,0.033944964,0.010111674,151.47916666666666,0.5346848,Happiness
152,0.1798638,-0.017479708,0.010716781,0.018171292,0.023999296,0.031015346,0.44152257,0.27500764,0.01970332,152.47916666666666,-0.33719453,Neutral
153,0.105794095,-0.036438428,0.007315027,0.017808571,0.07163378,0.075000174,0.47681263,0.20180331,0.04383239,153.47916666666666,-0.22718704,Neutral
154,0.054509997,-0.08707337,0.013833979,0.00796764,0.1605281,0.035482265,0.47031644,0.18113047,0.076231115,154.4375,-0.13326241,Neutral
155,0.049741514,0.23721425,0.055669013,0.03851303,0.30292696,0.07751339,0.19486299,0.05137636,0.22939673,155.6875,0.11694364,Fear
156,0.032566994,0.113789655,0.08654962,0.023525143,0.18673593,0.3500466,0.13599949,0.04064085,0.14393538,156.47916666666666,0.35822716,Fear
157,0.017233843,0.072792776,0.08950921,0.007665032,0.03360865,0.6578106,0.05734648,0.012887423,0.12393871,157.47916666666666,0.6392743,Happiness
158,0.014930122,0.12768419,0.10783163,0.008253823,0.039935406,0.6235981,0.045431685,0.02896414,0.13105512,158.47916666666666,0.58890885,Happiness
159,0.0038402502,0.14082457,0.059105232,0.0012825443,0.005218882,0.8655212,0.009247822,0.0023905716,0.0533935,159.47916666666666,0.73835397,Happiness
160,0.00030532313,0.253453,0.0099935,0.00011179831,0.00017792509,0.9820142,0.0008193736,0.00018492463,0.0063929833,160.47916666666666,0.82758063,Happiness
161,0.16744292,0.10758889,0.012896246,0.0015550046,0.006257018,0.29772907,0.3982112,0.11133602,0.004572513,161.47916666666666,0.12703945,Neutral
162,0.110591374,-0.04391651,0.019182054,0.0017363649,0.004426139,0.19903278,0.6254082,0.036286317,0.0033367798,162.47916666666666,0.09087045,Neutral
163,0.07555262,-0.043660063,0.014528878,0.0033454364,0.00829826,0.30812147,0.55650866,0.027344575,0.0063000903,163.47916666666666,0.22127412,Neutral
164,0.0642054,-0.13960327,0.004161113,0.00035588534,0.00290454,0.05667292,0.79178214,0.078816704,0.0011013001,164.47916666666666,-0.07801217,Neutral
165,0.11968558,-0.017626489,0.008886823,0.0035110267,0.007830088,0.071663745,0.6011108,0.18444782,0.002864117,165.47916666666666,-0.10734687,Neutral
166,0.37026295,0.144646,0.01055786,0.012787145,0.0104608955,0.04895294,0.2985239,0.24359256,0.004861724,166.47916666666666,-0.22725023,Neutral
167,0.6952167,0.43226603,0.0040704785,0.032423254,0.022742229,0.029403098,0.19046475,0.014302635,0.011376764,167.47916666666666,-0.21852934,Anger
168,0.5622384,0.29956958,0.0046466882,0.034730464,0.00885575,0.044262797,0.2928902,0.047221903,0.0051537915,168.47916666666666,-0.17460252,Anger
169,0.18596432,0.1272529,0.016336493,0.007685668,0.21386248,0.033871762,0.3434669,0.15421252,0.04459982,169.44166666666666,-0.12878181,Fear
170,0.0,0.0,0.0,0.0,0.0,0.0,0.0,0.0,0.0,0.0,0.0,Fear
171,0.24350643,0.16490637,0.0945983,0.023148784,0.1640156,0.09647126,0.15910895,0.17449038,0.04466027,171.58333333333331,-0.028084293,Fear
172,0.0,0.0,0.0,0.0,0.0,0.0,0.0,0.0,0.0,0.0,0.0,Fear
173,0.0,0.0,0.0,0.0,0.0,0.0,0.0,0.0,0.0,0.0,0.0,Fear
174,0.0,0.0,0.0,0.0,0.0,0.0,0.0,0.0,0.0,0.0,0.0,Fear
175,0.0,0.0,0.0,0.0,0.0,0.0,0.0,0.0,0.0,0.0,0.0,Fear
176,0.32259503,0.14231002,0.014680344,0.03733898,0.09548415,0.048236515,0.20677464,0.22970481,0.04518552,176.60539215686273,-0.21917915,Anger
177,0.36575052,0.14012349,0.014956054,0.01960512,0.018975375,0.08276894,0.3317991,0.15604557,0.010099351,177.47916666666666,-0.22047882,Anger
178,0.1566831,-0.17306478,0.02011036,0.011816504,0.006177015,0.12595743,0.109618604,0.56578463,0.0038523467,178.47916666666666,-0.40889314,Sadness
179,0.16736424,-0.24874842,0.012897412,0.001147394,0.00410457,0.00072227744,0.10180119,0.7098945,0.0020684337,179.47916666666666,-0.6666381,Sadness
180,0.1518309,-0.26205,0.012878609,0.001287085,0.004894179,0.00069668476,0.09452265,0.73182917,0.0020607486,180.47916666666666,-0.6567971,Sadness
181,0.15814154,-0.24472533,0.011747491,0.0016969885,0.00628328,0.0006102186,0.1082424,0.71072775,0.0025502965,181.47916666666666,-0.65329915,Sadness
182,0.0866188,-0.33685863,0.0087594865,0.001471986,0.005202793,0.0005456121,0.07707549,0.81865984,0.0016659764,182.47916666666666,-0.6846935,Sadness
183,0.042269204,-0.4089432,0.018585803,0.0027190836,0.0070012766,0.009047188,0.06238639,0.8556897,0.002301394,183.47916666666666,-0.59260255,Sadness
184,0.10775464,-0.08725449,0.009511981,0.0072377026,0.010834844,0.09215324,0.50191647,0.24670489,0.023886263,184.47916666666666,-0.08809825,Neutral
185,0.10314431,-0.20139645,0.04058784,0.006432131,0.010066003,0.04784828,0.17158069,0.612768,0.00757272,185.47916666666666,-0.34710756,Sadness
186,0.07197411,-0.35804346,0.031413436,0.0018357761,0.009813374,0.0044986005,0.10042182,0.7767267,0.0033161428,186.47916666666666,-0.58316755,Sadness
187,0.09500151,-0.25955018,0.0059507005,0.002992641,0.07040102,0.0010759529,0.14221743,0.6618227,0.020538079,187.47916666666666,-0.54468423,Sadness
188,0.082531415,-0.24749146,0.004781097,0.0026143836,0.070204064,0.0008527066,0.15670954,0.6547747,0.027532058,188.47916666666666,-0.55016595,Sadness
189,0.09849594,-0.2073466,0.007529903,0.002244588,0.060403407,0.0012701513,0.19949536,0.5945973,0.035963405,189.47916666666666,-0.5228767,Sadness
190,0.09986904,-0.2065018,0.0068380195,0.002531218,0.06187537,0.0011055055,0.18707252,0.60536224,0.035346124,190.47916666666666,-0.5230432,Sadness
191,0.07924835,-0.23083214,0.0041276044,0.001920398,0.07210476,0.00054980663,0.14225578,0.66796654,0.03182674,191.47916666666666,-0.5628395,Sadness
192,0.06779348,-0.32039103,0.0053872284,0.0006074624,0.026640495,0.00043319262,0.12999247,0.7575349,0.011610769,192.47916666666666,-0.6036077,Sadness
193,0.074726604,-0.3250848,0.006257582,0.0006316046,0.018566547,0.00051977934,0.10598358,0.78582484,0.0074894517,193.47916666666666,-0.61119366,Sadness
194,0.08067606,-0.29938427,0.008643667,0.00064172706,0.024281904,0.00094820216,0.12498353,0.7488527,0.010972183,194.47916666666666,-0.58146054,Sadness
195,0.09339189,-0.26801395,0.010501705,0.00065614044,0.03645403,0.0013688215,0.16538535,0.67315155,0.019090513,195.47916666666666,-0.5340491,Sadness
196,0.07551972,-0.32742742,0.009007604,0.0007066875,0.021372706,0.0010847751,0.13880989,0.74143606,0.0120625,196.47916666666666,-0.56984586,Sadness
197,0.06631994,-0.2778503,0.0074882493,0.0039844434,0.05305223,0.0021460797,0.11198897,0.7177592,0.03726084,197.47916666666666,-0.50628865,Sadness
198,0.24439187,0.067552924,0.015283157,0.014642365,0.03764434,0.046301216,0.34479305,0.2757487,0.02119529,198.47916666666666,-0.26782033,Neutral
199,0.29926002,0.18780826,0.0130742155,0.013116497,0.025154827,0.051778,0.41798344,0.17725533,0.0023776563,199.47916666666666,-0.20916945,Neutral
200,0.33067673,0.11480682,0.011896421,0.0097281905,0.008033858,0.051098138,0.47892547,0.10846543,0.0011757512,200.47916666666666,-0.22611178,Neutral
201,0.24429889,0.06981115,0.010186472,0.030779453,0.004763329,0.1947457,0.4169185,0.096454926,0.0018527271,201.47916666666666,-0.067664765,Neutral
202,0.7144219,0.5278793,0.007619037,0.14388649,0.0026468278,0.03066902,0.06483602,0.035302944,0.00061778986,202.47916666666666,-0.25032485,Anger
203,0.7562137,0.46620572,0.005669271,0.048977077,0.0018003042,0.0112718595,0.120703615,0.054731246,0.00063283235,203.47916666666666,-0.39472952,Anger
204,0.8356466,0.5741708,0.004610488,0.05028973,0.0014008759,0.0077665285,0.07401947,0.025788186,0.00047809957,204.47916666666666,-0.40036884,Anger
205,0.8394642,0.524787,0.0033179475,0.020295972,0.0014743315,0.00818987,0.10555434,0.021228358,0.00047494192,205.47916666666666,-0.3502765,Anger
206,0.8731782,0.5790042,0.003175728,0.02005287,0.004229361,0.0066296435,0.07492869,0.016788555,0.0010169907,206.47916666666666,-0.34323454,Anger
207,0.76997924,0.47461143,0.0025293836,0.030591493,0.002737264,0.005126947,0.1304823,0.05772343,0.00082995166,207.47916666666666,-0.43762448,Anger
208,0.8067519,0.5516517,0.0041363,0.034269333,0.0016342829,0.006042263,0.097412914,0.049147855,0.0006051392,208.47916666666666,-0.4323891,Anger
209,0.8031098,0.5497145,0.0021076456,0.028431034,0.0012187414,0.0029955187,0.13095339,0.03053666,0.0006471932,209.47916666666666,-0.4273645,Anger
210,0.8502188,0.563953,0.0045084017,0.02272032,0.00090359134,0.0058970847,0.10346499,0.0118329795,0.0004538831,210.47916666666666,-0.38500357,Anger
211,0.5938425,0.24747215,0.017498752,0.010052043,0.0061701126,0.0044049737,0.1595046,0.20630687,0.0022201564,211.47916666666666,-0.45199826,Anger
212,0.22392078,-0.17070784,0.060591128,0.000949157,0.008940484,0.0076073497,0.24437225,0.45032525,0.003293572,212.47916666666666,-0.45107782,Sadness
213,0.26749763,-0.1298721,0.050477386,0.00091104396,0.007950617,0.0037681477,0.20237236,0.46382877,0.00319409,213.47916666666666,-0.51539284,Sadness
214,0.2676731,-0.123324156,0.054250877,0.0011035762,0.0075065442,0.004763008,0.23018984,0.4317018,0.0028112538,214.47916666666666,-0.4948471,Sadness
215,0.23814432,-0.16060512,0.02966535,0.0012665896,0.010255608,0.0026369474,0.17989455,0.5354327,0.0027039454,215.47916666666666,-0.56243646,Sadness
216,0.184471,-0.21260001,0.02181342,0.0014933179,0.010235184,0.002221482,0.12479856,0.6527512,0.0022158336,216.47916666666666,-0.5882527,Sadness
217,0.16893877,-0.17421877,0.02860447,0.0021020938,0.009362656,0.0031936357,0.100124754,0.6853073,0.0023662893,217.47916666666666,-0.6116839,Sadness
218,0.19652058,-0.06233433,0.023211548,0.003612563,0.010166666,0.0030258268,0.07038129,0.69103473,0.0020468307,218.47916666666666,-0.5940972,Sadness
219,0.08621087,-0.22875707,0.033157885,0.00058016565,0.0021685008,0.019144868,0.450349,0.40381658,0.0045721275,219.47916666666666,-0.2475294,Neutral
220,0.16641311,-0.09920115,0.03096315,0.0029177961,0.0058588195,0.008221179,0.17932163,0.6040924,0.002211871,220.47916666666666,-0.5124838,Sadness
221,0.34397808,-0.048852846,0.021249548,0.004455438,0.0050160596,0.00068288296,0.12990664,0.49289498,0.0018163942,221.47916666666666,-0.5520507,Sadness
222,0.0753923,-0.3593491,0.023198018,0.0013340841,0.005652273,0.0051112636,0.10879997,0.77856046,0.0019515903,222.47916666666666,-0.61138386,Sadness
223,0.20711476,-0.20038696,0.06198835,0.0023318895,0.0027067994,0.010945509,0.10140706,0.6116516,0.0018540747,223.47916666666666,-0.62362534,Sadness
224,0.22690247,-0.03286853,0.012030088,0.003477352,0.017058259,0.046499852,0.39585268,0.28374454,0.014434747,224.47916666666666,-0.32485384,Neutral
225,0.28406253,0.17482793,0.009005124,0.0074540838,0.004267284,0.09035886,0.41373602,0.19013155,0.0009845576,225.47916666666666,-0.18824045,Neutral
226,0.3605868,0.13831812,0.010535791,0.007912259,0.004762853,0.03853135,0.36460483,0.21218048,0.0008856235,226.47916666666666,-0.2492501,Neutral
227,0.43200195,0.17440827,0.019541506,0.03384203,0.0060008937,0.16496198,0.2393545,0.10169313,0.0026040021,227.47916666666666,-0.010581111,Anger
228,0.52093923,0.24873154,0.01620092,0.034284186,0.0055159596,0.118127905,0.20841779,0.09474689,0.0017671445,228.47916666666666,-0.10659379,Anger
229,0.3508074,0.110861085,0.008899471,0.07276932,0.008897883,0.048962925,0.17466754,0.33244094,0.002554531,229.47916666666666,-0.24871941,Sadness
230,0.27915472,0.15262362,0.002563076,0.010550055,0.01596632,0.03616788,0.29606256,0.3560584,0.0034769836,230.47916666666666,-0.30085957,Sadness
231,0.026069283,0.07736321,0.015850646,0.0024266473,0.0027708893,0.7987349,0.14069237,0.01061553,0.002839703,231.47916666666666,0.524659,Happiness
232,0.1580257,-0.20872633,0.13286054,0.004116862,0.0026162649,0.016010476,0.1856159,0.49761143,0.0031428358,232.47916666666666,-0.40730473,Sadness
233,0.09303493,-0.2657784,0.117964685,0.0021655827,0.0022524549,0.014172875,0.19203651,0.57427716,0.0040957923,233.47916666666666,-0.42324218,Sadness
234,0.047814984,-0.3448899,0.081003465,0.0015860838,0.0028884595,0.022304764,0.15901817,0.6796806,0.0057034474,234.47916666666666,-0.37609085,Sadness
235,0.06398901,-0.26238304,0.08565745,0.0035847507,0.009328245,0.059807155,0.2762475,0.48636857,0.015017298,235.47916666666666,-0.16032843,Sadness
236,0.07757231,-0.1708579,0.018180365,0.0072467574,0.055298615,0.06408106,0.4438822,0.29821748,0.03552124,236.47916666666666,-0.11867764,Neutral
237,0.05047707,-0.3006806,0.11638946,0.0037486907,0.0038712146,0.11964778,0.24294858,0.4557055,0.0072117527,237.47916666666666,-0.06326933,Sadness
238,0.1520787,-0.19195187,0.1519381,0.0031752235,0.0023337756,0.02085405,0.20932667,0.45571518,0.0045782872,238.47916666666666,-0.35680977,Sadness
239,0.2507454,0.023513133,0.04836966,0.01581577,0.02905992,0.09488889,0.22336143,0.26633692,0.07142204,239.5625,-0.24838087,Anger
240,0.17405081,0.13105007,0.019217527,0.014359391,0.08056154,0.06433197,0.4126872,0.08458679,0.15020476,240.47916666666666,-0.08928108,Neutral
241,0.11405704,0.16490908,0.035403915,0.014631604,0.14444067,0.13469113,0.37054133,0.07863436,0.10759994,241.44642857142858,0.030164743,Neutral
242,0.045820195,0.13283972,0.06794318,0.025923157,0.18604176,0.10837014,0.26255047,0.05290478,0.2504463,242.02083333333331,0.1488178,Neutral
243,0.009705013,0.2000518,0.0003842161,0.0011488321,0.5705875,0.00022275953,0.014294007,0.32124767,0.08240998,243.66666666666666,-0.5362247,Fear
244,0.008502098,0.082795635,0.00031012174,0.0030842004,0.49352947,0.00035049117,0.018966569,0.4060689,0.06918817,244.47916666666666,-0.5410527,Fear
245,0.008625286,-0.02998247,0.00016551193,0.0032328127,0.4772136,0.00016503125,0.02121902,0.44288376,0.046494994,245.47916666666666,-0.6655273,Sadness
246,0.0074554794,0.016776802,0.0001282103,0.000469918,0.46763408,6.525187e-05,0.010980051,0.47386506,0.03940194,246.47916666666666,-0.68579286,Sadness
247,0.008759023,-0.058389414,0.00018066526,0.00040908184,0.36276764,7.6586155e-05,0.017095046,0.5634582,0.047253717,247.20833333333331,-0.65244967,Sadness
248,0.0,0.0,0.0,0.0,0.0,0.0,0.0,0.0,0.0,0.0,0.0,Sadness
249,0.03993737,0.16170092,0.019424422,0.029679429,0.3142709,0.03326033,0.27857545,0.06738892,0.2174632,249.3125,0.16135234,Fear
250,0.011006275,-0.19974627,0.0042759427,0.0045126784,0.05914155,0.027591534,0.5713613,0.27176362,0.050347105,250.52083333333331,-0.21074224,Neutral
251,0.0072106016,-0.22590965,0.0081989905,0.0024352546,0.034652043,0.054848943,0.52478594,0.34950602,0.018362222,251.47916666666666,-0.1832514,Neutral
252,0.015991773,-0.07279051,0.060369436,0.008108213,0.06284371,0.21788658,0.35545188,0.2223261,0.057022326,252.54583333333332,0.13631538,Neutral
253,0.022209175,0.0037947025,0.09162827,0.019057654,0.10693508,0.29229692,0.2534253,0.14008017,0.07436744,253.55787037037032,0.2064387,Fear
254,0.024054723,0.031406287,0.118384115,0.02796168,0.123972364,0.31912842,0.13752213,0.15407887,0.0948977,254.46759259259258,0.22777303,Fear
255,0.024075564,0.1225222,0.046932764,0.019165628,0.1729466,0.269135,0.1310838,0.21388775,0.12277289,255.48717948717947,0.1852066,Happiness
256,0.032104462,0.009578402,0.09049894,0.0062107043,0.0765873,0.3225581,0.24343784,0.16393016,0.06467249,256.4595238095238,0.20947957,Happiness
257,0.004455092,-0.3572372,0.008231986,0.0008640984,0.07990488,0.027822012,0.04481654,0.82145596,0.012449413,257.4791666666667,-0.64980286,Sadness
258,0.0068018776,-0.37177953,0.000512027,0.0014563994,0.09005487,0.0002806851,0.042120192,0.83896756,0.019806365,258.4791666666667,-0.6641459,Sadness
259,0.008446511,-0.43257144,0.0022946445,0.0004467088,0.044986308,0.00057746115,0.0603878,0.870305,0.012555602,259.4791666666667,-0.63707536,Sadness
260,0.01037312,-0.2591961,0.004254599,0.023997985,0.1138376,0.02404348,0.09586057,0.7042618,0.023370834,260.4791666666667,-0.40888956,Sadness
261,0.020247336,-0.07129634,0.013015311,0.012981218,0.08404998,0.06351033,0.3086924,0.44689128,0.050612178,261.4791666666667,-0.13087146,Sadness
262,0.012099922,-0.17442529,0.039356604,0.0016072462,0.026183931,0.0928304,0.38121223,0.44193697,0.004772673,262.4791666666667,-0.036354825,Sadness
263,0.013650298,-0.19925626,0.032730486,0.0017850989,0.041583646,0.043192193,0.1965075,0.6657555,0.004795281,263.4791666666667,-0.18206032,Sadness
264,0.015681108,-0.1745193,0.06501248,0.0028723578,0.020909155,0.065279685,0.2739318,0.5525524,0.0037609788,264.4791666666667,-0.13084368,Sadness
265,0.022798233,-0.18304555,0.06986461,0.0021112403,0.011076474,0.04954253,0.42291006,0.41713342,0.0045634466,265.4791666666667,-0.13445637,Sadness
266,0.011188396,-0.08715763,0.016702171,0.00895176,0.060094,0.17050205,0.2712091,0.42049944,0.040853053,266.4791666666667,0.03548379,Sadness
267,0.024721859,-0.15178369,0.0045754896,0.0016055367,0.06476607,0.013682365,0.25511935,0.6226399,0.012889396,267.4791666666667,-0.31908163,Sadness
268,0.023007972,-0.12721132,0.012801972,0.002180594,0.074746974,0.045009192,0.2887325,0.5396953,0.01382549,268.4791666666667,-0.17133665,Sadness
269,0.027167598,-0.10286862,0.013040703,0.0031316373,0.062729485,0.040224865,0.39982852,0.42695308,0.026924163,269.4791666666667,-0.14990045,Sadness
270,0.010617363,0.03398273,0.048530653,0.023127032,0.11620999,0.399699,0.1854714,0.18490086,0.03144368,270.4791666666667,0.22478347,Happiness
271,0.010768373,-0.07489473,0.06420808,0.0022814495,0.042896222,0.27163857,0.25593343,0.3437406,0.00853325,271.4791666666667,0.15627544,Sadness
272,0.008178163,-0.06290279,0.10418082,0.0016574729,0.05606852,0.20734376,0.19504744,0.41915724,0.008366597,272.4791666666667,0.10322278,Sadness
273,0.012652532,-0.070761204,0.17018342,0.0061216275,0.02200006,0.16084523,0.21870612,0.40619895,0.0032920782,273.4791666666667,0.04550724,Sadness
274,0.013389892,-0.0676183,0.08047356,0.010824952,0.059052605,0.15031256,0.17941676,0.48952702,0.017002624,274.4791666666667,0.0018854527,Sadness
275,0.029166043,-0.05225386,0.021244677,0.017684486,0.094497,0.06651733,0.15246108,0.5982195,0.020209868,275.4791666666667,-0.1326208,Sadness
276,0.027264243,-0.10600423,0.040098883,0.0044978205,0.051078666,0.07006264,0.17914747,0.6230925,0.0047577773,276.4791666666667,-0.10876909,Sadness
277,0.010549505,-0.08046975,0.1437727,0.005025959,0.027979478,0.14255635,0.12293432,0.54418415,0.002997555,277.4791666666667,0.012097578,Sadness
278,0.009859272,-0.0984968,0.21265723,0.013546269,0.017450066,0.15568686,0.10845077,0.48036918,0.0019803448,278.4791666666667,0.0064047216,Sadness
279,0.006938034,-0.08711635,0.017121498,0.040933754,0.17954953,0.03514387,0.051240023,0.66186506,0.0072082193,279.4791666666667,-0.25493857,Sadness
280,0.008934225,-0.070812345,0.012417884,0.0086309025,0.10703546,0.052435618,0.08031715,0.7214406,0.008788173,280.4791666666667,-0.21330078,Sadness
281,0.022950223,-0.078303434,0.15373169,0.0066749523,0.042703226,0.10763534,0.24172921,0.41886225,0.005713071,281.4791666666667,-0.06378158,Sadness
282,0.016812673,-0.046364695,0.2912683,0.008959309,0.017974196,0.19134535,0.23843889,0.2313196,0.0038816559,282.4791666666667,0.08985284,Contempt
283,0.017328113,-0.07719929,0.1998787,0.010045911,0.022534324,0.19587761,0.26725772,0.2831275,0.0039501376,283.4791666666667,0.06348767,Neutral
284,0.009619178,-0.114346534,0.1394846,0.004418323,0.02689349,0.16235092,0.17372562,0.48077655,0.0027312979,284.4791666666667,-0.036557537,Sadness
285,0.008375342,-0.060847387,0.16938578,0.0033735505,0.03677081,0.2588654,0.1413332,0.3783561,0.0035398484,285.4791666666667,0.11057498,Sadness
286,0.019588673,0.104911946,0.074144594,0.02165754,0.17530663,0.3098241,0.13082062,0.23960267,0.029055148,286.4791666666667,0.19897123,Happiness
287,0.015251745,0.09796581,0.16000745,0.012016468,0.09014066,0.38723302,0.18012351,0.13069837,0.024528762,287.4791666666667,0.33815995,Happiness
288,0.010085527,-0.020057298,0.16176641,0.008476759,0.06066066,0.27687272,0.16118816,0.31008253,0.010867207,288.4791666666667,0.11585314,Sadness
289,0.011851617,-0.11770948,0.08257151,0.0061322474,0.045673594,0.091594905,0.14235127,0.6171532,0.0026716094,289.4791666666667,-0.10054522,Sadness
290,0.014687773,-0.036823418,0.16678613,0.011651705,0.045754906,0.15718557,0.14846462,0.45275208,0.002717222,290.4791666666667,-0.04840159,Sadness
291,0.010795443,-0.0020549097,0.24516882,0.019943656,0.066602625,0.22586109,0.1249531,0.30193952,0.0047357366,291.4791666666667,0.04514553,Sadness
292,0.009994925,-0.004781366,0.044667378,0.012357769,0.15478006,0.17803036,0.1381105,0.42359594,0.038463045,292.4791666666667,0.00031564324,Sadness
293,0.011537153,-0.14486755,0.009174365,0.006308695,0.04551047,0.04561381,0.1701541,0.6969544,0.014746974,293.4791666666667,-0.22138901,Sadness
294,0.0077441013,-0.20377038,0.008330104,0.008647927,0.020760812,0.057475213,0.19887422,0.69179195,0.006375711,294.4791666666667,-0.20740281,Sadness
295,0.00834165,-0.14186019,0.079395235,0.00897983,0.009196687,0.23874885,0.12581266,0.5280786,0.0014464521,295.4791666666667,0.14607625,Sadness
296,0.0030945193,-0.17039047,0.041581314,0.0071174316,0.012685246,0.22613329,0.036188606,0.67234564,0.0008539946,296.4791666666667,0.08215988,Sadness
297,0.0023597556,-0.16527261,0.034289077,0.0047101923,0.007854538,0.34948787,0.039240483,0.5613439,0.0007141489,297.4791666666667,0.17912926,Sadness
298,0.0037779734,-0.22979379,0.023335053,0.0039089154,0.0069774315,0.09431616,0.057116423,0.8100464,0.0005217122,298.4791666666667,-0.11268941,Sadness
299,0.008091473,-0.16073886,0.031781744,0.020540645,0.015138977,0.123634905,0.10718614,0.69043213,0.0031939533,299.4791666666667,-0.06497707,Sadness
300,0.011042416,-0.14258386,0.028869698,0.00791899,0.015587191,0.11958345,0.30467102,0.5009071,0.011420111,300.4791666666667,-0.022490108,Sadness
301,0.0067048934,-0.08057768,0.010707437,0.01262439,0.15068454,0.05734462,0.07226456,0.6658527,0.023816885,301.4791666666667,-0.16032232,Sadness
302,0.011963566,0.10755786,0.016966444,0.0033080354,0.38500777,0.10116827,0.20526594,0.20030183,0.07601813,302.4791666666667,-0.007614333,Fear
303,0.00891386,0.0783616,0.024138244,0.008157014,0.2906817,0.12980324,0.18573986,0.3017127,0.05085339,303.4791666666667,0.0164456,Fear
304,0.0045150924,0.121151574,0.043116096,0.0058837533,0.13479353,0.4979143,0.08479788,0.2083094,0.020669933,304.4791666666667,0.34968996,Happiness
305,0.0012007264,-0.24247837,0.00022567039,0.0008865774,0.031733368,0.000826898,9.4159506e-05,0.96500415,2.8455048e-05,305.4791666666667,-0.954489,Sadness
306,0.002352374,-0.18649714,0.0006100556,0.0015017778,0.048690114,0.0020832445,0.00017838801,0.9445238,6.022408e-05,306.4791666666667,-0.8669195,Sadness
307,0.0025450948,-0.29159486,6.0010712e-05,0.0018198229,0.11096702,0.00043671718,0.0018903547,0.88195544,0.00032548598,307.4791666666667,-0.858314,Sadness
308,0.0027774174,-0.25261435,0.00020452937,0.001911742,0.035564158,0.0014969328,0.00062070764,0.9573187,0.00010582049,308.4791666666667,-0.85549706,Sadness
309,0.0009069515,-0.28961608,0.00013853534,0.0012235161,0.05144805,0.00052014337,0.00019597757,0.9454613,0.00010554522,309.4791666666667,-0.9490173,Sadness
310,0.0035198887,-0.14060088,0.00020192446,0.006311169,0.2026673,0.0004927952,0.00081781903,0.7851548,0.00083430874,310.4791666666667,-0.849771,Sadness
311,0.009925397,-0.10198055,0.0036737982,0.01295959,0.22011945,0.03153598,0.14557318,0.5653153,0.010897314,311.3958333333333,-0.382003,Sadness
312,0.0074962224,-0.27593008,0.0025980424,0.0013296092,0.02372849,0.023741657,0.25237665,0.6762826,0.0124467425,312.4791666666667,-0.28373444,Sadness
313,0.022140408,-0.042831946,0.021276109,0.02086883,0.18544303,0.116031915,0.1633672,0.4451197,0.025752813,313.4791666666667,-0.12280103,Sadness
314,0.009384576,-0.18556404,0.047892094,0.0036590162,0.07336286,0.16226107,0.05580495,0.640054,0.007581411,314.4236111111111,-0.21072477,Sadness
315,0.024114892,-0.08821863,0.074261956,0.010494899,0.01967186,0.39381823,0.049772967,0.4254389,0.0024262595,315.4791666666667,0.051689398,Happiness
316,0.047786426,-0.07195955,0.0616005,0.021332968,0.040723577,0.34798902,0.11088232,0.35926053,0.010424629,316.4140625,0.025009345,Happiness
317,0.030609932,0.06610787,0.044488627,0.022988295,0.023419106,0.7041922,0.04957424,0.12304748,0.0016801241,317.5625,0.35337394,Happiness
318,0.022955146,-0.09775758,0.015176395,0.014343692,0.107137896,0.32523316,0.18457694,0.2812127,0.0493641,318.31666666666666,0.037741113,Happiness
319,0.046078436,0.058944374,0.034014035,0.019597268,0.3564862,0.08315464,0.13751955,0.17924935,0.14390056,319.0833333333333,0.031213839,Fear
320,0.0,0.0,0.0,0.0,0.0,0.0,0.0,0.0,0.0,0.0,0.0,Fear
321,0.17254086,0.24637681,0.08161202,0.058056746,0.16711742,0.056684833,0.18658574,0.1538545,0.12354788,321.4791666666667,-0.029013552,Neutral
322,0.13957213,0.042779207,0.04095935,0.026453614,0.17512828,0.072235264,0.24568105,0.22142605,0.07854425,322.4791666666667,-0.10377597,Neutral
323,0.11324966,0.062542714,0.005555803,0.008670266,0.25659946,0.043066576,0.13778785,0.3586307,0.07643969,323.4791666666667,-0.20368345,Sadness
